NAMESPACE,NAME,VS,PF,READY,STATUS,RESTARTS,LAST RESTART,CPU,MEM,CPU/RL,MEM/RL,%CPU/R,%CPU/L,%MEM/R,%MEM/L,IP,NODE,SERVICE-ACCOUNT,NOMINATED NODE,READINESS GATES,QOS,LABELS,VALID,AGE
default,c3-migrate-job-c7bjc,0,●,0/1,Completed,1,<unknown>,0,0,0:0,0:0,n/a,n/a,n/a,n/a,10.201.86.38,ip-10-201-66-180.eu-west-1.compute.internal,exec,<none>,<none>,BE,"app=c3-migrate-job,app.kubernetes.io/component=elisityservice,app.kubernetes.io/name=c3-migrate-job,app.kubernetes.io/organization=elisity,batch.kubernetes.io/controller-uid=de03a78b-5ab0-4a82-bcd0-ef0ac43dfc59,batch.kubernetes.io/job-name=c3-migrate-job,controller-uid=de03a78b-5ab0-4a82-bcd0-ef0ac43dfc59,job-name=c3-migrate-job",,4h26m
default,ds-data-exporter-policy-29128980-wmrwp,0,●,0/1,Completed,0,<unknown>,0,0,200:200,250:500,0,0,0,0,10.201.89.136,ip-10-201-71-29.eu-west-1.compute.internal,default,<none>,<none>,BU,"app=ds-data-exporter-policy,batch.kubernetes.io/controller-uid=6ade691c-55f3-40f6-a005-8708c269569a,batch.kubernetes.io/job-name=ds-data-exporter-policy-29128980,controller-uid=6ade691c-55f3-40f6-a005-8708c269569a,job-name=ds-data-exporter-policy-29128980",,118m
default,elisity-ad-connector-service-84db4ccb9c-fjg6j,0,●,2/2,Running,0,<unknown>,41,717,1050:1500,2098:2548,3,2,34,28,10.201.68.43,ip-10-201-66-180.eu-west-1.compute.internal,default,<none>,<none>,BU,"admission.datadoghq.com/enabled=true,app=elisity-ad-connector-service,app.kubernetes.io/component=elisityservices,app.kubernetes.io/managed-by=manifests-framework,app.kubernetes.io/name=ad-connector-service,app.kubernetes.io/organization=elisity,elisity.io/singleton=true,pod-template-hash=84db4ccb9c",,4h17m
default,elisity-ad-connector-service-84db4ccb9c-nrpcs,0,●,2/2,Running,0,<unknown>,64,703,1050:1500,2098:2548,6,4,33,27,10.201.115.107,ip-10-201-119-111.eu-west-1.compute.internal,default,<none>,<none>,BU,"admission.datadoghq.com/enabled=true,app=elisity-ad-connector-service,app.kubernetes.io/component=elisityservices,app.kubernetes.io/managed-by=manifests-framework,app.kubernetes.io/name=ad-connector-service,app.kubernetes.io/organization=elisity,elisity.io/singleton=true,pod-template-hash=84db4ccb9c",,4h17m
default,elisity-flows-service-85c78bbc89-zkhnz,0,●,2/2,Running,9,4m15s,717,3400,2050:2500,4146:4596,34,28,82,73,10.201.49.224,ip-10-201-53-63.eu-west-1.compute.internal,default,<none>,<none>,BU,"admission.datadoghq.com/enabled=true,app=elisity-flows-service,app.kubernetes.io/component=elisityservices,app.kubernetes.io/managed-by=manifests-framework,app.kubernetes.io/name=elisity-flows-service,app.kubernetes.io/organization=elisity,elisity.io/singleton=false,pod-template-hash=85c78bbc89",,3h15m
default,elisity-ui2-service-5cc54c5866-nch2k,0,●,1/1,Running,0,<unknown>,0,34,50:500,50:500,0,0,68,6,10.201.122.106,ip-10-201-104-100.eu-west-1.compute.internal,default,<none>,<none>,BU,"app=elisity-ui2-service,app.kubernetes.io/component=elisityservices,app.kubernetes.io/managed-by=manifests-framework,app.kubernetes.io/name=ui2,app.kubernetes.io/organization=elisity,elisity.io/singleton=true,pod-template-hash=5cc54c5866",,4h17m
default,kafka-cluster-kafka-2,0,●,1/1,Running,0,<unknown>,117,5547,0:0,0:0,n/a,n/a,n/a,n/a,10.201.57.104,ip-10-201-46-237.eu-west-1.compute.internal,kafka-cluster-kafka,<none>,<none>,BE,"app.kubernetes.io/instance=kafka-cluster,app.kubernetes.io/managed-by=strimzi-cluster-operator,app.kubernetes.io/name=kafka,app.kubernetes.io/part-of=strimzi-kafka-cluster,statefulset.kubernetes.io/pod-name=kafka-cluster-kafka-2,strimzi.io/broker-role=true,strimzi.io/cluster=kafka-cluster,strimzi.io/component-type=kafka,strimzi.io/controller=strimzipodset,strimzi.io/controller-name=kafka-cluster-kafka,strimzi.io/controller-role=false,strimzi.io/kind=Kafka,strimzi.io/name=kafka-cluster-kafka,strimzi.io/pod-name=kafka-cluster-kafka-2,strimzi.io/pool-name=kafka",,6h30m
default,kafka-cluster-kafka-exporter-f4bdf8c6d-h6m2s,0,●,1/1,Running,0,<unknown>,13,15,0:0,0:0,n/a,n/a,n/a,n/a,10.201.57.99,ip-10-201-46-237.eu-west-1.compute.internal,kafka-cluster-kafka-exporter,<none>,<none>,BE,"app.kubernetes.io/instance=kafka-cluster,app.kubernetes.io/managed-by=strimzi-cluster-operator,app.kubernetes.io/name=kafka-exporter,app.kubernetes.io/part-of=strimzi-kafka-cluster,pod-template-hash=f4bdf8c6d,strimzi.io/cluster=kafka-cluster,strimzi.io/component-type=kafka-exporter,strimzi.io/kind=Kafka,strimzi.io/name=kafka-cluster-kafka-exporter",,6h30m
default,c3-migrate-job-89vx5,0,●,0/1,Completed,0,<unknown>,0,0,0:0,0:0,n/a,n/a,n/a,n/a,10.201.64.227,ip-10-201-71-29.eu-west-1.compute.internal,exec,<none>,<none>,BE,"app=c3-migrate-job,app.kubernetes.io/component=elisityservice,app.kubernetes.io/name=c3-migrate-job,app.kubernetes.io/organization=elisity,batch.kubernetes.io/controller-uid=b4020756-647a-4506-89d8-1fd0db40ea45,batch.kubernetes.io/job-name=c3-migrate-job,controller-uid=b4020756-647a-4506-89d8-1fd0db40ea45,job-name=c3-migrate-job",,45m
default,ccc-exporter-6d4745cf6c-xdsmj,0,●,1/1,Running,16,32m,86,32,50:500,200:200,172,17,16,16,10.201.68.41,ip-10-201-66-180.eu-west-1.compute.internal,default,<none>,<none>,BU,"app=ccc-exporter,app.kubernetes.io/component=elisityservices,app.kubernetes.io/managed-by=manifests-framework,app.kubernetes.io/name=ccc-exporter,app.kubernetes.io/organization=elisity,elisity.io/singleton=true,pod-template-hash=6d4745cf6c",,4h17m
default,elisity-ad-connector-service-84db4ccb9c-56p4j,0,●,2/2,Running,0,<unknown>,30,678,1050:1500,2098:2548,2,2,32,26,10.201.57.110,ip-10-201-46-237.eu-west-1.compute.internal,default,<none>,<none>,BU,"admission.datadoghq.com/enabled=true,app=elisity-ad-connector-service,app.kubernetes.io/component=elisityservices,app.kubernetes.io/managed-by=manifests-framework,app.kubernetes.io/name=ad-connector-service,app.kubernetes.io/organization=elisity,elisity.io/singleton=true,pod-template-hash=84db4ccb9c",,4h17m
default,elisity-serviceability-56f65886cf-b4ftt,0,●,1/1,Running,0,<unknown>,1,102,500:500,2048:2048,0,0,5,5,10.201.56.135,ip-10-201-42-207.eu-west-1.compute.internal,serviceability,<none>,<none>,GA,"admission.datadoghq.com/enabled=true,app=elisity-serviceability,app.kubernetes.io/component=elisityservices,app.kubernetes.io/managed-by=manifests-framework,app.kubernetes.io/name=serviceability,app.kubernetes.io/organization=elisity,elisity.io/singleton=true,pod-template-hash=56f65886cf",,4h17m
default,flowsdb-db-creator-vfqtk,0,●,0/1,Completed,0,<unknown>,0,0,0:0,0:0,n/a,n/a,n/a,n/a,10.201.89.133,ip-10-201-71-29.eu-west-1.compute.internal,default,<none>,<none>,BE,"app=flowsdb-db-creator,app.kubernetes.io/component=systemservices,app.kubernetes.io/managed-by=Kustomize,app.kubernetes.io/name=flowsdb,app.kubernetes.io/organization=elisity,batch.kubernetes.io/controller-uid=17e7f211-cd9c-4f6a-858b-17c166b952ac,batch.kubernetes.io/job-name=flowsdb-db-creator,controller-uid=17e7f211-cd9c-4f6a-858b-17c166b952ac,job-name=flowsdb-db-creator",,5h20m
default,kafka-cluster-kafka-0,0,●,1/1,Running,0,<unknown>,380,5438,0:0,0:0,n/a,n/a,n/a,n/a,10.201.115.110,ip-10-201-119-111.eu-west-1.compute.internal,kafka-cluster-kafka,<none>,<none>,BE,"app.kubernetes.io/instance=kafka-cluster,app.kubernetes.io/managed-by=strimzi-cluster-operator,app.kubernetes.io/name=kafka,app.kubernetes.io/part-of=strimzi-kafka-cluster,statefulset.kubernetes.io/pod-name=kafka-cluster-kafka-0,strimzi.io/broker-role=true,strimzi.io/cluster=kafka-cluster,strimzi.io/component-type=kafka,strimzi.io/controller=strimzipodset,strimzi.io/controller-name=kafka-cluster-kafka,strimzi.io/controller-role=false,strimzi.io/kind=Kafka,strimzi.io/name=kafka-cluster-kafka,strimzi.io/pod-name=kafka-cluster-kafka-0,strimzi.io/pool-name=kafka",,6h20m
default,keycloak-migrate-qccmc,0,●,0/1,Completed,0,<unknown>,0,0,0:0,0:0,n/a,n/a,n/a,n/a,10.201.115.102,ip-10-201-119-111.eu-west-1.compute.internal,exec,<none>,<none>,BE,"app=keycloak-migrate,app.kubernetes.io/component=systemservices,app.kubernetes.io/managed-by=Kustomize,app.kubernetes.io/name=keycloak-migrate,app.kubernetes.io/organization=elisity,batch.kubernetes.io/controller-uid=16e332de-dc60-4a3c-a8a3-47e3c76d9c09,batch.kubernetes.io/job-name=keycloak-migrate,controller-uid=16e332de-dc60-4a3c-a8a3-47e3c76d9c09,job-name=keycloak-migrate",,4h17m
default,postgres-ha-2,0,●,0/1,Pending,0,<unknown>,0,0,10000:0,32768:0,0,n/a,0,n/a,n/a,n/a,postgres-ha,<none>,<none>,BU,"app.kubernetes.io/component=systemservices,cnpg.io/cluster=postgres-ha,cnpg.io/instanceName=postgres-ha-2,cnpg.io/podRole=instance",container ready check failed: 0 of 0,46s
default,ds-data-exporter-policy-29129040-zqvs7,0,●,0/1,Completed,0,<unknown>,0,0,200:200,250:500,0,0,0,0,10.201.89.134,ip-10-201-71-29.eu-west-1.compute.internal,default,<none>,<none>,BU,"app=ds-data-exporter-policy,batch.kubernetes.io/controller-uid=3b52af5c-8b3d-4f7d-abe8-974e2db9d75d,batch.kubernetes.io/job-name=ds-data-exporter-policy-29129040,controller-uid=3b52af5c-8b3d-4f7d-abe8-974e2db9d75d,job-name=ds-data-exporter-policy-29129040",,58m
default,elisity-flows-service-85c78bbc89-m9rg5,0,●,1/2,Running,9,4s,0,0,2050:2500,4146:4596,0,0,0,0,10.201.49.225,ip-10-201-53-63.eu-west-1.compute.internal,default,<none>,<none>,BU,"admission.datadoghq.com/enabled=true,app=elisity-flows-service,app.kubernetes.io/component=elisityservices,app.kubernetes.io/managed-by=manifests-framework,app.kubernetes.io/name=elisity-flows-service,app.kubernetes.io/organization=elisity,elisity.io/singleton=false,pod-template-hash=85c78bbc89",container ready check failed: 1 of 2,3h15m
default,elisity-identity-graph-device-history-cronjob-29128870-tbxsh,0,●,0/1,Completed,0,<unknown>,0,0,0:0,0:0,n/a,n/a,n/a,n/a,10.201.115.111,ip-10-201-119-111.eu-west-1.compute.internal,postgres-ha,<none>,<none>,BE,"batch.kubernetes.io/controller-uid=a1a7ec16-7fe2-464a-86d7-10658d0cb804,batch.kubernetes.io/job-name=elisity-identity-graph-device-history-cronjob-29128870,controller-uid=a1a7ec16-7fe2-464a-86d7-10658d0cb804,job-name=elisity-identity-graph-device-history-cronjob-29128870",,3h48m
default,postgres-ha-5,0,●,1/1,Running,0,<unknown>,1552,6305,10000:0,32768:0,15,n/a,19,n/a,10.201.110.37,ip-10-201-125-85.eu-west-1.compute.internal,postgres-ha,<none>,<none>,BU,"app.kubernetes.io/component=systemservices,cnpg.io/cluster=postgres-ha,cnpg.io/instanceName=postgres-ha-5,cnpg.io/instanceRole=replica,cnpg.io/podRole=instance,role=replica",,5m23s
default,ds-data-exporter-policy-29128920-hnhcc,0,●,0/1,Completed,0,<unknown>,0,0,200:200,250:500,0,0,0,0,10.201.89.135,ip-10-201-71-29.eu-west-1.compute.internal,default,<none>,<none>,BU,"app=ds-data-exporter-policy,batch.kubernetes.io/controller-uid=db1bd2de-4c21-434c-85d1-f80c057f45e8,batch.kubernetes.io/job-name=ds-data-exporter-policy-29128920,controller-uid=db1bd2de-4c21-434c-85d1-f80c057f45e8,job-name=ds-data-exporter-policy-29128920",,178m
default,ds-data-exporter-ve-29129040-sx4ds,0,●,0/1,Completed,0,<unknown>,0,0,200:200,250:500,0,0,0,0,10.201.89.135,ip-10-201-71-29.eu-west-1.compute.internal,default,<none>,<none>,BU,"app=ds-data-exporter-ve,batch.kubernetes.io/controller-uid=6d0d8d7a-2a3c-4784-8de4-3f6d628ed460,batch.kubernetes.io/job-name=ds-data-exporter-ve-29129040,controller-uid=6d0d8d7a-2a3c-4784-8de4-3f6d628ed460,job-name=ds-data-exporter-ve-29129040",,58m
default,elisity-identity-graph-device-history-cronjob-29128850-bcfxd,0,●,0/1,Completed,0,<unknown>,0,0,0:0,0:0,n/a,n/a,n/a,n/a,10.201.115.111,ip-10-201-119-111.eu-west-1.compute.internal,postgres-ha,<none>,<none>,BE,"batch.kubernetes.io/controller-uid=f5cd0da2-4597-4f9b-b3b8-8ce813aecc44,batch.kubernetes.io/job-name=elisity-identity-graph-device-history-cronjob-29128850,controller-uid=f5cd0da2-4597-4f9b-b3b8-8ce813aecc44,job-name=elisity-identity-graph-device-history-cronjob-29128850",,4h8m
default,elisity-keycloak-844cd69df-j2w7k,0,●,2/2,Running,1,4h14m,620,968,1050:1500,2098:2548,59,41,46,38,10.201.68.40,ip-10-201-66-180.eu-west-1.compute.internal,exec,<none>,<none>,BU,"admission.datadoghq.com/enabled=true,app=elisity-keycloak,app.kubernetes.io/component=elisityservices,app.kubernetes.io/managed-by=manifests-framework,app.kubernetes.io/name=keycloak,app.kubernetes.io/organization=elisity,elisity.io/singleton=true,pod-template-hash=844cd69df",,4h17m
default,elisity-settings-service-7c76d66b7f-j7c5f,0,●,2/2,Running,4,3h32m,15,555,150:1000,550:1100,10,1,101,50,10.201.122.97,ip-10-201-104-100.eu-west-1.compute.internal,default,<none>,<none>,BU,"app=elisity-settings-service,app.kubernetes.io/component=elisityservices,app.kubernetes.io/managed-by=manifests-framework,app.kubernetes.io/name=settings-service,app.kubernetes.io/organization=elisity,elisity.io/singleton=true,pod-template-hash=7c76d66b7f",,4h17m
default,flowsdb-1,0,●,1/1,Running,0,<unknown>,99,128151,1000:2000,204800:204800,9,4,62,62,10.201.50.5,ip-10-201-57-10.eu-west-1.compute.internal,flowsdb,<none>,<none>,BU,"app.kubernetes.io/component=systemservices,cnpg.io/cluster=flowsdb,cnpg.io/instanceName=flowsdb-1,cnpg.io/instanceRole=primary,cnpg.io/podRole=instance,role=primary",,5h20m
default,kafka-cluster-cruise-control-795f8496b4-z6pxg,0,●,1/1,Running,0,<unknown>,5,550,0:0,0:0,n/a,n/a,n/a,n/a,10.201.57.100,ip-10-201-46-237.eu-west-1.compute.internal,kafka-cluster-cruise-control,<none>,<none>,BE,"app.kubernetes.io/instance=kafka-cluster,app.kubernetes.io/managed-by=strimzi-cluster-operator,app.kubernetes.io/name=cruise-control,app.kubernetes.io/part-of=strimzi-kafka-cluster,pod-template-hash=795f8496b4,strimzi.io/cluster=kafka-cluster,strimzi.io/component-type=cruise-control,strimzi.io/kind=Kafka,strimzi.io/name=kafka-cluster-cruise-control",,6h30m
default,ds-data-exporter-ve-29128920-8p67h,0,●,0/1,Completed,0,<unknown>,0,0,200:200,250:500,0,0,0,0,10.201.64.227,ip-10-201-71-29.eu-west-1.compute.internal,default,<none>,<none>,BU,"app=ds-data-exporter-ve,batch.kubernetes.io/controller-uid=1f485a75-04e9-47ca-85e3-11283772dc4e,batch.kubernetes.io/job-name=ds-data-exporter-ve-29128920,controller-uid=1f485a75-04e9-47ca-85e3-11283772dc4e,job-name=ds-data-exporter-ve-29128920",,178m
default,ds-data-exporter-ve-29128980-sfkpn,0,●,0/1,Completed,0,<unknown>,0,0,200:200,250:500,0,0,0,0,10.201.89.134,ip-10-201-71-29.eu-west-1.compute.internal,default,<none>,<none>,BU,"app=ds-data-exporter-ve,batch.kubernetes.io/controller-uid=8954a243-3c0b-42fd-9d8a-6539a4e4fe79,batch.kubernetes.io/job-name=ds-data-exporter-ve-29128980,controller-uid=8954a243-3c0b-42fd-9d8a-6539a4e4fe79,job-name=ds-data-exporter-ve-29128980",,118m
default,elisity-c3eventsmanager-service-548d955564-mmqps,0,●,2/2,Running,1,38m,900,772,1050:3500,1074:1524,85,25,71,50,10.201.89.133,ip-10-201-71-29.eu-west-1.compute.internal,default,<none>,<none>,BU,"admission.datadoghq.com/enabled=true,app=elisity-c3eventsmanager-service,app.kubernetes.io/component=elisityservices,app.kubernetes.io/managed-by=manifests-framework,app.kubernetes.io/name=c3eventsmanager,app.kubernetes.io/organization=elisity,elisity.io/singleton=true,pod-template-hash=548d955564",,132m
default,elisity-identity-graph-f69896874-sdvk2,0,●,2/2,Running,8,38m,617,1496,4050:6500,4196:4646,15,9,35,32,10.201.68.42,ip-10-201-66-180.eu-west-1.compute.internal,default,<none>,<none>,BU,"admission.datadoghq.com/enabled=true,app=elisity-identity-graph,app.kubernetes.io/component=elisityservices,app.kubernetes.io/managed-by=manifests-framework,app.kubernetes.io/name=identity-graph,app.kubernetes.io/organization=elisity,elisity.io/singleton=true,pod-template-hash=f69896874",,4h17m
default,elisity-logging-service-598bc6554f-9f7zj,0,●,1/1,Running,0,<unknown>,28,1385,800:800,2048:2048,3,3,67,67,10.201.50.9,ip-10-201-57-10.eu-west-1.compute.internal,default,<none>,<none>,GA,"app=elisity-logging-service,app.kubernetes.io/component=elisityservices,app.kubernetes.io/managed-by=manifests-framework,app.kubernetes.io/name=logging,app.kubernetes.io/organization=elisity,elisity.io/singleton=true,pod-template-hash=598bc6554f",,4h17m
default,elisity-policy-service-56f55f6f4d-npjgp,0,●,2/2,Running,0,<unknown>,354,1046,2050:2500,2098:2548,17,14,49,41,10.201.115.111,ip-10-201-119-111.eu-west-1.compute.internal,default,<none>,<none>,BU,"admission.datadoghq.com/enabled=true,app=elisity-policy-service,app.kubernetes.io/component=elisityservices,app.kubernetes.io/managed-by=manifests-framework,app.kubernetes.io/name=policy-service,app.kubernetes.io/organization=elisity,elisity.io/singleton=true,pod-template-hash=56f55f6f4d",,135m
default,elisity-policy-service-56f55f6f4d-sk69h,0,●,2/2,Running,0,<unknown>,352,1043,2050:2500,2098:2548,17,14,49,40,10.201.49.232,ip-10-201-53-63.eu-west-1.compute.internal,default,<none>,<none>,BU,"admission.datadoghq.com/enabled=true,app=elisity-policy-service,app.kubernetes.io/component=elisityservices,app.kubernetes.io/managed-by=manifests-framework,app.kubernetes.io/name=policy-service,app.kubernetes.io/organization=elisity,elisity.io/singleton=true,pod-template-hash=56f55f6f4d",,135m
default,kafka-cluster-entity-operator-6498497dbc-g49tw,0,●,1/1,Running,0,<unknown>,3,222,0:0,0:0,n/a,n/a,n/a,n/a,10.201.49.124,ip-10-201-46-237.eu-west-1.compute.internal,kafka-cluster-entity-operator,<none>,<none>,BE,"app.kubernetes.io/instance=kafka-cluster,app.kubernetes.io/managed-by=strimzi-cluster-operator,app.kubernetes.io/name=entity-operator,app.kubernetes.io/part-of=strimzi-kafka-cluster,pod-template-hash=6498497dbc,strimzi.io/cluster=kafka-cluster,strimzi.io/component-type=entity-operator,strimzi.io/kind=Kafka,strimzi.io/name=kafka-cluster-entity-operator",,6h30m
default,elisity-api-gateway-service-79f79bf655-mpk44,0,●,1/1,Running,0,<unknown>,2,214,500:500,500:500,0,0,42,42,10.201.120.48,ip-10-201-104-100.eu-west-1.compute.internal,default,<none>,<none>,GA,"app=elisity-api-gateway-service,app.kubernetes.io/component=elisityservices,app.kubernetes.io/managed-by=manifests-framework,app.kubernetes.io/name=elisity-api-gateway-service,app.kubernetes.io/organization=elisity,elisity.io/singleton=true,pod-template-hash=79f79bf655",,4h17m
default,elisity-flows-search-service-7b5b6c9d58-vm7xx,0,●,2/2,Running,11,168m,30,905,2050:2500,4146:4596,1,1,21,19,10.201.56.136,ip-10-201-42-207.eu-west-1.compute.internal,default,<none>,<none>,BU,"admission.datadoghq.com/enabled=true,app=elisity-flows-search-service,app.kubernetes.io/component=elisityservices,app.kubernetes.io/managed-by=manifests-framework,app.kubernetes.io/name=elisity-flows-search-service,app.kubernetes.io/organization=elisity,elisity.io/singleton=false,pod-template-hash=7b5b6c9d58",,3h16m
default,elisity-identity-graph-device-history-cronjob-29128860-p27j9,0,●,0/1,Completed,0,<unknown>,0,0,0:0,0:0,n/a,n/a,n/a,n/a,10.201.115.111,ip-10-201-119-111.eu-west-1.compute.internal,postgres-ha,<none>,<none>,BE,"batch.kubernetes.io/controller-uid=1952502e-5183-496c-b21b-a5bf6ff5703f,batch.kubernetes.io/job-name=elisity-identity-graph-device-history-cronjob-29128860,controller-uid=1952502e-5183-496c-b21b-a5bf6ff5703f,job-name=elisity-identity-graph-device-history-cronjob-29128860",,3h58m
default,elisity-identity-graph-f69896874-vdt9t,0,●,2/2,Running,8,38m,421,3068,4050:6500,4196:4646,10,6,73,66,10.201.50.7,ip-10-201-57-10.eu-west-1.compute.internal,default,<none>,<none>,BU,"admission.datadoghq.com/enabled=true,app=elisity-identity-graph,app.kubernetes.io/component=elisityservices,app.kubernetes.io/managed-by=manifests-framework,app.kubernetes.io/name=identity-graph,app.kubernetes.io/organization=elisity,elisity.io/singleton=true,pod-template-hash=f69896874",,4h17m
default,elisity-topology-service-7b567d5bd6-j9s78,0,●,2/2,Running,2,32m,426,1076,1050:3500,1586:2036,40,12,67,52,10.201.89.131,ip-10-201-71-29.eu-west-1.compute.internal,default,<none>,<none>,BU,"admission.datadoghq.com/enabled=true,app=elisity-topology-service,app.kubernetes.io/component=elisityservices,app.kubernetes.io/managed-by=manifests-framework,app.kubernetes.io/name=topology-service,app.kubernetes.io/organization=elisity,elisity.io/singleton=true,pod-template-hash=7b567d5bd6",,131m
default,kafka-cluster-kafka-1,0,●,1/1,Running,0,<unknown>,201,5597,0:0,0:0,n/a,n/a,n/a,n/a,10.201.68.37,ip-10-201-66-180.eu-west-1.compute.internal,kafka-cluster-kafka,<none>,<none>,BE,"app.kubernetes.io/instance=kafka-cluster,app.kubernetes.io/managed-by=strimzi-cluster-operator,app.kubernetes.io/name=kafka,app.kubernetes.io/part-of=strimzi-kafka-cluster,statefulset.kubernetes.io/pod-name=kafka-cluster-kafka-1,strimzi.io/broker-role=true,strimzi.io/cluster=kafka-cluster,strimzi.io/component-type=kafka,strimzi.io/controller=strimzipodset,strimzi.io/controller-name=kafka-cluster-kafka,strimzi.io/controller-role=false,strimzi.io/kind=Kafka,strimzi.io/name=kafka-cluster-kafka,strimzi.io/pod-name=kafka-cluster-kafka-1,strimzi.io/pool-name=kafka",,4h47m
default,kafka-cluster-kafka-controller-3,0,●,1/1,Running,0,<unknown>,15,1052,0:0,0:0,n/a,n/a,n/a,n/a,10.201.86.34,ip-10-201-66-180.eu-west-1.compute.internal,kafka-cluster-kafka,<none>,<none>,BE,"app.kubernetes.io/instance=kafka-cluster,app.kubernetes.io/managed-by=strimzi-cluster-operator,app.kubernetes.io/name=kafka,app.kubernetes.io/part-of=strimzi-kafka-cluster,statefulset.kubernetes.io/pod-name=kafka-cluster-kafka-controller-3,strimzi.io/broker-role=false,strimzi.io/cluster=kafka-cluster,strimzi.io/component-type=kafka,strimzi.io/controller=strimzipodset,strimzi.io/controller-name=kafka-cluster-kafka-controller,strimzi.io/controller-role=true,strimzi.io/kind=Kafka,strimzi.io/name=kafka-cluster-kafka,strimzi.io/pod-name=kafka-cluster-kafka-controller-3,strimzi.io/pool-name=kafka-controller",,4h47m
default,postgres-ha-4,0,●,1/1,Running,0,<unknown>,3844,10730,10000:0,32768:0,38,n/a,32,n/a,10.201.47.209,ip-10-201-57-10.eu-west-1.compute.internal,postgres-ha,<none>,<none>,BU,"app.kubernetes.io/component=systemservices,cnpg.io/cluster=postgres-ha,cnpg.io/instanceName=postgres-ha-4,cnpg.io/instanceRole=primary,cnpg.io/podRole=instance,role=primary",,12m
default,elisity-identity-graph-f69896874-2vtkg,0,●,2/2,Running,8,38m,707,1483,4050:6500,4196:4646,17,10,35,31,10.201.120.49,ip-10-201-104-100.eu-west-1.compute.internal,default,<none>,<none>,BU,"admission.datadoghq.com/enabled=true,app=elisity-identity-graph,app.kubernetes.io/component=elisityservices,app.kubernetes.io/managed-by=manifests-framework,app.kubernetes.io/name=identity-graph,app.kubernetes.io/organization=elisity,elisity.io/singleton=true,pod-template-hash=f69896874",,4h17m
default,elisity-policy-service-56f55f6f4d-8md2m,0,●,2/2,Running,0,<unknown>,408,1098,2050:2500,2098:2548,19,16,52,43,10.201.66.197,ip-10-201-94-93.eu-west-1.compute.internal,default,<none>,<none>,BU,"admission.datadoghq.com/enabled=true,app=elisity-policy-service,app.kubernetes.io/component=elisityservices,app.kubernetes.io/managed-by=manifests-framework,app.kubernetes.io/name=policy-service,app.kubernetes.io/organization=elisity,elisity.io/singleton=true,pod-template-hash=56f55f6f4d",,135m
default,elisity-ui2-service-5cc54c5866-vrj2c,0,●,1/1,Running,0,<unknown>,1,27,50:500,50:500,2,0,55,5,10.201.56.133,ip-10-201-42-207.eu-west-1.compute.internal,default,<none>,<none>,BU,"app=elisity-ui2-service,app.kubernetes.io/component=elisityservices,app.kubernetes.io/managed-by=manifests-framework,app.kubernetes.io/name=ui2,app.kubernetes.io/organization=elisity,elisity.io/singleton=true,pod-template-hash=5cc54c5866",,4h17m
default,kafka-cluster-kafka-controller-4,0,●,1/1,Running,0,<unknown>,10,945,0:0,0:0,n/a,n/a,n/a,n/a,10.201.57.109,ip-10-201-46-237.eu-west-1.compute.internal,kafka-cluster-kafka,<none>,<none>,BE,"app.kubernetes.io/instance=kafka-cluster,app.kubernetes.io/managed-by=strimzi-cluster-operator,app.kubernetes.io/name=kafka,app.kubernetes.io/part-of=strimzi-kafka-cluster,statefulset.kubernetes.io/pod-name=kafka-cluster-kafka-controller-4,strimzi.io/broker-role=false,strimzi.io/cluster=kafka-cluster,strimzi.io/component-type=kafka,strimzi.io/controller=strimzipodset,strimzi.io/controller-name=kafka-cluster-kafka-controller,strimzi.io/controller-role=true,strimzi.io/kind=Kafka,strimzi.io/name=kafka-cluster-kafka,strimzi.io/pod-name=kafka-cluster-kafka-controller-4,strimzi.io/pool-name=kafka-controller",,6h28m
default,kafka-cluster-kafka-controller-5,0,●,1/1,Running,0,<unknown>,57,1104,0:0,0:0,n/a,n/a,n/a,n/a,10.201.116.147,ip-10-201-119-111.eu-west-1.compute.internal,kafka-cluster-kafka,<none>,<none>,BE,"app.kubernetes.io/instance=kafka-cluster,app.kubernetes.io/managed-by=strimzi-cluster-operator,app.kubernetes.io/name=kafka,app.kubernetes.io/part-of=strimzi-kafka-cluster,statefulset.kubernetes.io/pod-name=kafka-cluster-kafka-controller-5,strimzi.io/broker-role=false,strimzi.io/cluster=kafka-cluster,strimzi.io/component-type=kafka,strimzi.io/controller=strimzipodset,strimzi.io/controller-name=kafka-cluster-kafka-controller,strimzi.io/controller-role=true,strimzi.io/kind=Kafka,strimzi.io/name=kafka-cluster-kafka,strimzi.io/pod-name=kafka-cluster-kafka-controller-5,strimzi.io/pool-name=kafka-controller",,6h19m
default,kafka-ui-7d775fd65-7v4zf,0,●,1/1,Running,0,<unknown>,8,379,0:0,0:0,n/a,n/a,n/a,n/a,10.201.122.108,ip-10-201-104-100.eu-west-1.compute.internal,default,<none>,<none>,BE,"app=kafka-ui,pod-template-hash=7d775fd65",,5h33m
default,psql-db-creator-qzqtg,0,●,0/1,Completed,0,<unknown>,0,0,0:0,0:0,n/a,n/a,n/a,n/a,10.201.89.131,ip-10-201-71-29.eu-west-1.compute.internal,default,<none>,<none>,BE,"app=psql-db-creator,app.kubernetes.io/component=systemservices,app.kubernetes.io/managed-by=Kustomize,app.kubernetes.io/name=psql,app.kubernetes.io/organization=elisity,batch.kubernetes.io/controller-uid=2ad8327b-5176-4f35-859e-c792dab90213,batch.kubernetes.io/job-name=psql-db-creator,controller-uid=2ad8327b-5176-4f35-859e-c792dab90213,job-name=psql-db-creator",,5h20m
